title,type
A Woman of Three Nations,Film
Ivory Orphans,Film
The Cool Hot Rod,Film
Vizela,Film
800 Words,Series
A Thousand Kisses,Series
Akatsuki,Series
Bad Girls,Series
Bang Bang,Series
Banoo Main Teri Dulhann,Series
Bibi et Geneviève,Series
Border Patrol Sex,Series
Border Security: Canada's Front Line,Series
Capitol,Series
De ideale wereld,Series
DeLuxe,Series
Die Fallers - Eine Schwarzwaldfamilie,Series
EA SPORTS Game Time,Series
El informal,Series
Everything You Didn't Know About Animals,Series
Fix It in Post,Series
Fluffy's Food Adventures,Series
Foreign Intrigue,Series
Game Talk Live,Series
Gomorron,Series
"Gute Zeiten, schlechte Zeiten",Series
Helikopterrånet,Series
It Is Written,Series
Jacksepticeye,Series
Judge Judy,Series
KKPTV: Katsushika Koho Public TV,Series
Karishma: A Miracle of Destiny,Series
Kasthooriman,Series
Kituu Sabb Jaantii Hai,Series
Kyunki... Saas Bhi Kabhi Bahu Thi...,Series
La 2 noticias,Series
Larry King Now,Series
Live PD,Series
Léo,Series
Maverick,Series
Mike Tyson Mysteries,Series
Mis Tres Marías,Series
Morangos com Açúcar,Series
Mundo de juguete,Series
Mutya,Series
My Evil Sister,Series
My Wife's Girlfriends,Series
Negócio da China,Series
Nella terra di Don Chisciotte,Series
North of 60,Series
O pseftis pappous,Series
Ollie the Boy Who Became What He Ate,Series
Padres e hijos,Series
Percy's Tiger Tales,Series
Pratos combinados,Series
Qian Shou,Series
Quiz Me Quick,Series
RebelTaxi,Series
Roadtrip with G. Garvin,Series
Savage,Series
Say Yes to the Dress,Series
Shuttle Love Millennium,Series
Sjáumst með Silvíu Nótt,Series
Sons of Anarchy,Series
Spyder Games,Series
Sun After the Rain,Series
The Edge of Night,Series
The Evening Edit,Series
The Nutshack,Series
The Radical Story of Patty Hearst,Series
The Red Skelton Hour,Series
Ultimate Match Fishing,Series
Veselaya Karusel,Series
Vorovka 2. Schaste naprokat,Series
Vsya Rossiya,Series
WatchMojo,Series
Who Wants to Be a Millionaire,Series
Wild America,Series
Youth Over Flowers,Series
Zindagi,Series
