seriesTitle,seasonCount,episodeCount
Foreign Intrigue,0,1
El informal,0,1
Wild America,0,1
La 2 noticias,0,1
Bang Bang,0,1
Gomorron,0,1
DeLuxe,0,1
Ultimate Match Fishing,0,1
It Is Written,0,1
WatchMojo,0,1
The Evening Edit,0,1
Border Patrol Sex,0,1
RebelTaxi,0,1
Ollie the Boy Who Became What He Ate,0,1
Jacksepticeye,0,1
The Red Skelton Hour,1,1
The Edge of Night,1,1
Maverick,1,1
Capitol,1,1
"Gute Zeiten, schlechte Zeiten",1,1
North of 60,1,1
Judge Judy,1,1
Nella terra di Don Chisciotte,1,1
Pratos combinados,1,1
Bad Girls,1,1
Die Fallers - Eine Schwarzwaldfamilie,1,1
Mundo de juguete,1,1
Padres e hijos,1,1
Spyder Games,1,1
Kyunki... Saas Bhi Kabhi Bahu Thi...,1,1
Who Wants to Be a Millionaire,1,1
Karishma: A Miracle of Destiny,1,1
Morangos com Açúcar,1,1
Sjáumst með Silvíu Nótt,1,1
Savage,1,1
Sons of Anarchy,1,1
Vorovka 2. Schaste naprokat,1,1
Akatsuki,1,1
Say Yes to the Dress,1,1
O pseftis pappous,1,1
Negócio da China,1,1
The Nutshack,1,1
Bibi et Geneviève,1,1
Mutya,1,1
Quiz Me Quick,1,1
Larry King Now,1,1
Border Security: Canada's Front Line,1,1
Percy's Tiger Tales,1,1
My Evil Sister,1,1
EA SPORTS Game Time,1,1
Roadtrip with G. Garvin,1,1
Mike Tyson Mysteries,1,1
Veselaya Karusel,1,1
Game Talk Live,1,1
Qian Shou,1,1
Sun After the Rain,1,1
800 Words,1,1
Fix It in Post,1,1
Everything You Didn't Know About Animals,1,1
Vsya Rossiya,1,1
Fluffy's Food Adventures,1,1
De ideale wereld,1,1
My Wife's Girlfriends,1,1
A Thousand Kisses,1,1
Live PD,1,1
Youth Over Flowers,1,1
Shuttle Love Millennium,1,1
KKPTV: Katsushika Koho Public TV,1,1
Banoo Main Teri Dulhann,1,1
Helikopterrånet,1,1
Mis Tres Marías,1,1
Kituu Sabb Jaantii Hai,1,1
Léo,1,1
Kasthooriman,1,1
