candidateTitle,commonGenres
My Fair Lady,3
Moulin Rouge!,3
Kabhi Khushi Kabhie Gham...,3
The Phantom of the Opera,3
Rent,3
Saiyaara,3
Sunrise,2
City Lights,2
Modern Times,2
Gone with the Wind,2
His Girl Friday,2
Rebecca,2
Casablanca,2
The Best Years of Our Lives,2
The African Queen,2
Singin' in the Rain,2
Roman Holiday,2
Sabrina,2
White Christmas,2
To Catch a Thief,2
Wild Strawberries,2
The Apartment,2
Breakfast at Tiffany's,2
West Side Story,2
Lolita,2
Doctor Zhivago,2
The Graduate,2
Harold and Maude,2
The Last Picture Show,2
Cabaret,2
Last Tango in Paris,2
Days of Heaven,2
Grease,2
Manhattan,2
The Blue Lagoon,2
An Officer and a Gentleman,2
Sophie's Choice,2
Tootsie,2
Flashdance,2
Footloose,2
Out of Africa,2
Witness,2
Pretty in Pink,2
Dirty Dancing,2
Wings of Desire,2
Moonstruck,2
Cocktail,2
Dangerous Liaisons,2
Cinema Paradiso,2
Working Girl,2
Say Anything,2
Steel Magnolias,2
When Harry Met Sally...,2
Edward Scissorhands,2
Ghost,2
Basic Instinct,2
The Bodyguard,2
The Crying Game,2
Far and Away,2
The Age of Innocence,2
Benny & Joon,2
Grumpy Old Men,2
Indecent Proposal,2
The Piano,2
The Remains of the Day,2
Sleepless in Seattle,2
True Romance,2
ER,2
Forrest Gump,2
Four Weddings and a Funeral,2
Frankenstein,2
Legends of the Fall,2
Little Women,2
Reality Bites,2
Three Colors: Red,2
Three Colors: White,2
Wolf,2
Pride and Prejudice,2
The American President,2
Before Sunrise,2
The Bridges of Madison County,2
Dilwale Dulhania Le Jayenge,2
French Kiss,2
Hackers,2
Leaving Las Vegas,2
The Quick and the Dead,2
Sense and Sensibility,2
While You Were Sleeping,2
The English Patient,2
Jerry Maguire,2
Phenomenon,2
Romeo + Juliet,2
In the Mood for Love,2
Buffalo '66,2
Life Is Beautiful,2
Chasing Amy,2
Good Will Hunting,2
Great Expectations,2
Lolita,2
Meet Joe Black,2
My Best Friend's Wedding,2
As Good as It Gets,2
Titanic,2
Ever After: A Cinderella Story,2
City of Angels,2
Frida,2
The Legend of 1900,2
What Dreams May Come,2
Blast from the Past,2
The Cider House Rules,2
Notting Hill,2
Rushmore,2
You've Got Mail,2
Cruel Intentions,2
10 Things I Hate About You,2
Show Me Love,2
Never Been Kissed,2
The Virgin Suicides,2
Sex and the City,2
Cold Mountain,2
Cast Away,2
The Beach,2
That '70s Show,2
Dancer in the Dark,2
Lagaan: Once Upon a Time in India,2
Kuch Kuch Hota Hai,2
Bicentennial Man,2
All About My Mother,2
Save the Last Dance,2
2046,2
Pearl Harbor,2
Malena,2
Sweet November,2
Chocolat,2
Bridget Jones's Diary,2
Unfaithful,2
Maid in Manhattan,2
The Piano Teacher,2
My Big Fat Greek Wedding,2
The Girl Next Door,2
The Majestic,2
Punch-Drunk Love,2
The Hours,2
Secretary,2
About a Boy,2
A Walk to Remember,2
Monster's Ball,2
Bend It Like Beckham,2
Talk to Her,2
Dil Chahta Hai,2
Jersey Girl,2
Good Bye Lenin!,2
Solaris,2
The Dreamers,2
Love Actually,2
Open Range,2
Bridget Jones: The Edge of Reason,2
Wicker Park,2
Under the Tuscan Sun,2
The Notebook,2
Garden State,2
Girl with a Pearl Earring,2
Something's Gotta Give,2
Eternal Sunshine of the Spotless Mind,2
50 First Dates,2
A Very Long Engagement,2
Head-On,2
Kal Ho Naa Ho,2
Cinderella Man,2
The Family Stone,2
The Terminal,2
The O.C.,2
Love Me If You Dare,2
Swades,2
One Tree Hill,2
Elizabethtown,2
Four Christmases,2
Spanglish,2
"Spring, Summer, Fall, Winter... and Spring",2
Sideways,2
Alfie,2
The Rum Diary,2
Closer,2
Goal! The Dream Begins,2
Before Sunset,2
Rome,2
In Good Company,2
The Constant Gardener,2
In Her Shoes,2
Brokeback Mountain,2
A Lot Like Love,2
Gossip Girl,2
Memoirs of a Geisha,2
Rumor Has It...,2
A Good Year,2
"Paris, Je T'aime",2
The Sisterhood of the Traveling Pants,2
Youth in Revolt,2
Little Children,2
Sweeney Todd: The Demon Barber of Fleet Street,2
The Lake House,2
Grey's Anatomy,2
Pride & Prejudice,2
The Fountain,2
Match Point,2
Becoming Jane,2
Veer Zaara,2
The Curious Case of Benjamin Button,2
3-Iron,2
Charlie Bartlett,2
The Great Debaters,2
Hairspray,2
P.S. I Love You,2
The Giver,2
Before We Go,2
Dreamgirls,2
The Painted Veil,2
The Break-Up,2
The Time Traveler's Wife,2
Australia,2
How I Met Your Mother,2
Cashback,2
Notes on a Scandal,2
Dan in Real Life,2
No Reservations,2
Mr. Nobody,2
The Nanny Diaries,2
Something Borrowed,2
Vicky Cristina Barcelona,2
Love & Other Drugs,2
The Tudors,2
My Blueberry Nights,2
Atonement,2
Mamma Mia!,2
Forgetting Sarah Marshall,2
Appaloosa,2
It's Kind of a Funny Story,2
Lars and the Real Girl,2
Take Me Home Tonight,2
Flipped,2
"Definitely, Maybe",2
The Kids Are All Right,2
The Switch,2
Once,2
Revolutionary Road,2
Hitchcock,2
The Reader,2
Dear John,2
Sex and the City,2
He's Just Not That Into You,2
Laal Singh Chaddha,2
Slumdog Millionaire,2
Bones and All,2
500 Days of Summer,2
Step Up 2: The Streets,2
The Worst Person in the World,2
The Proposal,2
Silver Linings Playbook,2
Life as We Know It,2
Heartstopper,2
It Ends with Us,2
Water for Elephants,2
365 Days,2
Adventureland,2
Jab We Met,2
Twilight,2
Blue Valentine,2
Burlesque,2
MorningGlory,2
Licorice Pizza,2
Joker: Folie à Deux,2
Julie & Julia,2
Beastly,2
Biutiful,2
Away We Go,2
My Name Is Khan,2
Up in the Air,2
Step Up 3D,2
The Five-Year Engagement,2
Hereafter,2
Jane Eyre,2
It's Complicated,2
Aloha,2
Sex and the City 2,2
Wicked,2
Crazy Heart,2
Easy A,2
The Guernsey Literary and Potato Peel Pie Society,2
How to Be Single,2
The Last Song,2
The Secret in Their Eyes,2
50/50,2
A Single Man,2
Past Lives,2
The Lucky One,2
Do Revenge,2
Never Let Me Go,2
Rock of Ages,2
How Do You Know,2
The Great Gatsby,2
Passengers,2
Upside Down,2
The Summer I Turned Pretty,2
Remember Me,2
The Flowers of War,2
Ticket to Paradise,2
The Best Exotic Marigold Hotel,2
Asteroid City,2
Poor Things,2
Charlie St. Cloud,2
Perfect Sense,2
Submarine,2
Salmon Fishing in the Yemen,2
Modern Family,2
Queen Charlotte: A Bridgerton Story,2
Monsters,2
Bridget Jones's Baby,2
The Greatest Showman,2
A Star Is Born,2
Beginners,2
Another Earth,2
Beautiful Creatures,2
One Day,2
"Crazy, Stupid, Love.",2
A Dangerous Method,2
Pretty Little Liars,2
Larry Crowne,2
What to Expect When You're Expecting,2
LOL,2
Downton Abbey,2
The Vow,2
J. Edgar,2
One Day,2
Challengers,2
The Age of Adaline,2
The Artist,2
Safe Haven,2
The Spectacular Now,2
Like Crazy,2
This Is 40,2
The First Time,2
Anna Karenina,2
Her,2
Step Up: Revolution,2
Hart of Dixie,2
The Words,2
The Edge of Seventeen,2
The Best of Me,2
Emilia Pérez,2
Rust and Bone,2
Barfi!,2
Trouble with the Curve,2
Sita Ramam,2
All of Us Strangers,2
Jab Tak Hai Jaan,2
A Discovery of Witches,2
Yeh Jawaani Hai Deewani,2
Stuck in Love.,2
Before Midnight,2
Don Jon,2
Drinking Buddies,2
Blue Is the Warmest Colour,2
Fifty Shades of Grey,2
Blue Jasmine,2
PK,2
Frances Ha,2
The Lunchbox,2
Brooklyn,2
Enough Said,2
Carol,2
The Light Between Oceans,2
Gunday,2
The Fault in Our Stars,2
The Garden of Words,2
King the Land,2
Me Before You,2
Nobody Wants This,2
Reign,2
We Live in Time,2
The Longest Ride,2
Kaiva,2
Anora,2
Magic in the Moonlight,2
11.22.63,2
I Origins,2
Far from the Madding Crowd,2
The Theory of Everything,2
Babygirl,2
Materialists,2
Man Up,2
Black Bag,2
Crazy Rich Asians,2
Trainwreck,2
Little Women,2
Wuthering Heights,2
When the Phone Rings,2
The Lobster,2
Heated Rivalry,2
West Side Story,2
Allied,2
Love,2
To All the Boys I've Loved Before,2
The Space Between Us,2
The Handmaiden,2
A Man Called Ove,2
After,2
Victoria,2
Fifty Shades Darker,2
Fifty Shades Freed,2
Café Society,2
Purple Hearts,2
Collateral Beauty,2
Sultan,2
"Love, Simon",2
Paterson,2
The Big Sick,2
This Is Us,2
The Shape of Water,2
Call Me by Your Name,2
Phantom Thread,2
Downton Abbey,2
The Ballad of Buster Scruggs,2
Five Feet Apart,2
Cold War,2
Mamma Mia! Here We Go Again,2
You,2
Marriage Story,2
Sex Education,2
Dil Bechara,2
Portrait of a Lady on Fire,2
Bridgerton,2
The French Dispatch,2
Emily in Paris,2
Chhichhore,2
Normal People,2
Virgin River,2
The Eyes of Tammy Faye,2
Three Thousand Years of Longing,2
Emma.,2
Where the Crawdads Sing,2
The Kid,1
Sherlock Jr.,1
Battleship Potemkin,1
The Gold Rush,1
Metropolis,1
The Passion of Joan of Arc,1
All Quiet on the Western Front,1
Dracula,1
Frankenstein,1
Duck Soup,1
It Happened One Night,1
Bride of Frankenstein,1
The Adventures of Robin Hood,1
The Lady Vanishes,1
Mr. Smith Goes to Washington,1
Stagecoach,1
The Grapes of Wrath,1
The Great Dictator,1
The Philadelphia Story,1
Citizen Kane,1
Dumbo,1
The Maltese Falcon,1
Bambi,1
Kate & Leopold,1
Shadow of a Doubt,1
Double Indemnity,1
Spellbound,1
The Big Sleep,1
It's a Wonderful Life,1
Notorious,1
Miracle on 34th Street,1
Bicycle Thieves,1
Rope,1
The Treasure of the Sierra Madre,1
The Third Man,1
All About Eve,1
Harvey,1
Rashomon,1
Sunset Boulevard,1
The Day the Earth Stood Still,1
Strangers on a Train,1
A Streetcar Named Desire,1
High Noon,1
Ikiru,1
The Wages of Fear,1
Stalag 17,1
Tokyo Story,1
Diabolique,1
Dial M for Murder,1
On the Waterfront,1
Rear Window,1
Seven Samurai,1
La Strada,1
The Night of the Hunter,1
Rebel Without a Cause,1
Invasion of the Body Snatchers,1
The Killing,1
The Man Who Knew Too Much,1
The Ten Commandments,1
12 Angry Men,1
The Bridge on the River Kwai,1
Throne of Blood,1
Nights of Cabiria,1
Paths of Glory,1
The Seventh Seal,1
Witness for the Prosecution,1
Cat on a Hot Tin Roof,1
Touch of Evil,1
Vertigo,1
The Twilight Zone,1
Anatomy of a Murder,1
Ben-Hur,1
North by Northwest,1
The 400 Blows,1
Some Like It Hot,1
Breathless,1
La Dolce Vita,1
The Magnificent Seven,1
Psycho,1
Spartacus,1
The Guns of Navarone,1
The Hustler,1
Judgment at Nuremberg,1
Yojimbo,1
Harakiri,1
Lawrence of Arabia,1
The Longest Day,1
The Man Who Shot Liberty Valance,1
The Manchurian Candidate,1
To Kill a Mockingbird,1
What Ever Happened to Baby Jane?,1
8½,1
The Birds,1
Charade,1
The Great Escape,1
The Pink Panther,1
High and Low,1
Marnie,1
A Fistful of Dollars,1
The Battle of Algiers,1
For a Few Dollars More,1
Repulsion,1
The Sound of Music,1
Andrei Rublev,1
Blow-Up,1
"The Good, the Bad and the Ugly",1
Persona,1
Who's Afraid of Virginia Woolf?,1
Cool Hand Luke,1
In the Heat of the Night,1
Le Samouraï,1
Rosemary's Baby,1
Once Upon a Time in the West,1
Easy Rider,1
Midnight Cowboy,1
The Wild Bunch,1
M*A*S*H,1
Patton,1
THX 1138,1
The French Connection,1
Straw Dogs,1
M*A*S*H,1
Deliverance,1
The Godfather,1
High Plains Drifter,1
Solaris,1
American Graffiti,1
Badlands,1
Don't Look Now,1
Mean Streets,1
Paper Moon,1
Papillon,1
Serpico,1
The Sting,1
Westworld,1
Chinatown,1
The Conversation,1
The Godfather Part II,1
Murder on the Orient Express,1
The Mirror,1
Barry Lyndon,1
Dog Day Afternoon,1
Jaws,1
One Flew Over the Cuckoo's Nest,1
The Rocky Horror Picture Show,1
"Salò, or the 120 Days of Sodom",1
All the President's Men,1
Marathon Man,1
Network,1
The Outlaw Josey Wales,1
Rocky,1
Taxi Driver,1
Annie Hall,1
A Bridge Too Far,1
Close Encounters of the Third Kind,1
Saturday Night Fever,1
The Deer Hunter,1
Midnight Express,1
Apocalypse Now,1
Being There,1
Escape from Alcatraz,1
Kramer vs. Kramer,1
Rocky II,1
Stalker,1
Dressed to Kill,1
The Elephant Man,1
Ordinary People,1
Raging Bull,1
The Shining,1
Blow Out,1
Das Boot,1
Chariots of Fire,1
Excalibur,1
The Fox and the Hound,1
History of the World: Part I,1
Possession,1
Cheers,1
Blade Runner,1
Fanny and Alexander,1
Fast Times at Ridgemont High,1
Gandhi,1
Pink Floyd: The Wall,1
Rocky III,1
The Dead Zone,1
The King of Comedy,1
Monty Python's the Meaning of Life,1
The Outsiders,1
The Right Stuff,1
Risky Business,1
Scarface,1
Terms of Endearment,1
Videodrome,1
WarGames,1
Amadeus,1
Blood Simple,1
The Karate Kid,1
The Killing Fields,1
The Natural,1
1984,1
Once Upon a Time in America,1
"Paris, Texas",1
Red Dawn,1
Sixteen Candles,1
Splash,1
Starman,1
The NeverEnding Story,1
After Hours,1
Brazil,1
The Breakfast Club,1
Cocoon,1
The Color Purple,1
Legend,1
Pale Rider,1
The Purple Rose of Cairo,1
Ran,1
Rocky IV,1
Teen Wolf,1
Weird Science,1
Blue Velvet,1
The Color of Money,1
Down by Law,1
The Fly,1
Hannah and Her Sisters,1
Hoosiers,1
Come and See,1
Little Shop of Horrors,1
The Mission,1
The Name of the Rose,1
Platoon,1
Stand by Me,1
Top Gun,1
Full House,1
Star Trek: The Next Generation,1
Bloodsport,1
Empire of the Sun,1
Fatal Attraction,1
Full Metal Jacket,1
"Good Morning, Vietnam",1
The Last Emperor,1
Over the Top,1
Overboard,1
"Planes, Trains & Automobiles",1
Three Men and a Baby,1
The Untouchables,1
Wall Street,1
Poirot,1
Akira,1
Big,1
Bull Durham,1
Coming to America,1
Dead Ringers,1
Frantic,1
The Big Blue,1
Grave of the Fireflies,1
The Land Before Time,1
The Last Temptation of Christ,1
Mississippi Burning,1
Rain Man,1
Scrooged,1
Willow,1
Young Guns,1
The Abyss,1
Black Rain,1
Born on the Fourth of July,1
Crimes and Misdemeanors,1
Dead Poets Society,1
Do the Right Thing,1
Driving Miss Daisy,1
Field of Dreams,1
Glory,1
The Karate Kid Part III,1
Look Who's Talking,1
My Left Foot,1
Parenthood,1
Turner & Hooch,1
The War of the Roses,1
"Sex, Lies, and Videotape",1
Twin Peaks,1
Awakenings,1
Cry-Baby,1
Dances with Wolves,1
Days of Thunder,1
Flatliners,1
The Godfather Part III,1
GoodFellas,1
IT,1
Jacob's Ladder,1
Miller's Crossing,1
Misery,1
La Femme Nikita,1
Pretty Woman,1
Rocky V,1
Wild at Heart,1
Backdraft,1
Barton Fink,1
Boyz n the Hood,1
Cape Fear,1
The Doors,1
The Double Life of Véronique,1
Father of the Bride,1
The Fisher King,1
Fried Green Tomatoes,1
JFK,1
My Girl,1
My Own Private Idaho,1
Naked Lunch,1
Night on Earth,1
Robin Hood: Prince of Thieves,1
The Silence of the Lambs,1
Sleeping with the Enemy,1
Thelma & Louise,1
Beethoven,1
Dracula,1
Chaplin,1
A Few Good Men,1
Glengarry Glen Ross,1
The Last of the Mohicans,1
A League of Their Own,1
Malcolm X,1
The Mighty Ducks,1
The Muppet Christmas Carol,1
The Player,1
A River Runs Through It,1
Scent of a Woman,1
Sneakers,1
Twin Peaks: Fire Walk with Me,1
Unforgiven,1
Star Trek: Deep Space Nine,1
The X-Files,1
Alive,1
A Bronx Tale,1
Carlito's Way,1
Dave,1
Falling Down,1
The Firm,1
Free Willy,1
The Fugitive,1
Groundhog Day,1
In the Line of Fire,1
In the Name of the Father,1
Kalifornia,1
Menace II Society,1
Mrs. Doubtfire,1
The Pelican Brief,1
A Perfect World,1
Philadelphia,1
Robin Hood: Men in Tights,1
Rudy,1
The Sandlot,1
Schindler's List,1
This Boy's Life,1
The Three Musketeers,1
Tombstone,1
Three Colors: Blue,1
What's Eating Gilbert Grape,1
Friends,1
Andaz Apna Apna,1
Chungking Express,1
Clear and Present Danger,1
The Client,1
The Crow,1
Disclosure,1
Ed Wood,1
Heavenly Creatures,1
The Hudsucker Proxy,1
Interview with the Vampire: The Vampire Chronicles,1
Junior,1
The Lion King,1
The Little Rascals,1
Léon: The Professional,1
Natural Born Killers,1
Pulp Fiction,1
Quiz Show,1
The Santa Clause,1
Shallow Grave,1
The Shawshank Redemption,1
The Specialist,1
Wyatt Earp,1
Neon Genesis Evangelion,1
Star Trek: Voyager,1
Apollo 13,1
Babe,1
The Basketball Diaries,1
Braveheart,1
Casino,1
The City of Lost Children,1
Clueless,1
Copycat,1
Crimson Tide,1
Dangerous Minds,1
Dead Man,1
Dead Man Walking,1
Desperado,1
Fallen Angels,1
Empire Records,1
First Knight,1
Friday,1
La haine,1
Heat,1
In the Mouth of Madness,1
Johnny Mnemonic,1
Kids,1
Mallrats,1
Whisper of the Heart,1
The Net,1
Outbreak,1
Pocahontas,1
Seven,1
Showgirls,1
Strange Days,1
To Die For,1
Underground,1
The Usual Suspects,1
Bottle Rocket,1
Breaking the Waves,1
The Cable Guy,1
Chain Reaction,1
Courage Under Fire,1
The Craft,1
Crash,1
Daylight,1
The Bandit,1
Fargo,1
Fear,1
The Frighteners,1
The Ghost and the Darkness,1
The Hunchback of Notre Dame,1
Jack,1
Last Man Standing,1
The Long Kiss Goodnight,1
Lost Highway,1
The Nutty Professor,1
The People vs. Larry Flynt,1
Primal Fear,1
Ransom,1
Shine,1
Sleepers,1
Sling Blade,1
Star Trek: First Contact,1
Swingers,1
That Thing You Do!,1
A Time to Kill,1
Trainspotting,1
Buffy the Vampire Slayer,1
King of the Hill,1
Oz,1
Stargate SG-1,1
Absolute Power,1
Air Force One,1
Amistad,1
Anastasia,1
Boogie Nights,1
Breakdown,1
"Black Cat, White Cat",1
Children of Heaven,1
Conspiracy Theory,1
Contact,1
Cop Land,1
The Devil's Advocate,1
The Devil's Own,1
Donnie Brasco,1
The Edge,1
Fallen,1
The Full Monty,1
Funny Games,1
G.I. Jane,1
The Game,1
Gattaca,1
Hard Eight,1
The Ice Storm,1
The Jackal,1
Jackie Brown,1
Kiss the Girls,1
L.A. Confidential,1
The Peacemaker,1
The Postman,1
The Rainmaker,1
The Saint,1
Seven Years in Tibet,1
Sliding Doors,1
Soldier,1
Spawn,1
A Simple Plan,1
The Truman Show,1
U Turn,1
Volcano,1
American History X,1
Being John Malkovich,1
Deep Impact,1
Dogma,1
Eyes Wide Shut,1
Fear and Loathing in Las Vegas,1
Stepmom,1
The Green Mile,1
The Lord of the Rings: The Fellowship of the Ring,1
The Man in the Iron Mask,1
Mercury Rising,1
The Negotiator,1
A Night at the Roxbury,1
Out of Sight,1
The Parent Trap,1
Payback,1
A Perfect Murder,1
Pleasantville,1
Practical Magic,1
The Prince of Egypt,1
Saving Private Ryan,1
The Thin Red Line,1
Wag the Dog,1
The Wedding Singer,1
Wild Things,1
The X Files,1
Corpse Bride,1
Life,1
Heartbreakers,1
Open Your Eyes,1
Man on the Moon,1
Election,1
Elizabeth,1
Can't Hardly Wait,1
Rounders,1
Patch Adams,1
There's Something About Mary,1
Dinosaur,1
October Sky,1
The Talented Mr. Ripley,1
8MM,1
Arlington Road,1
Entrapment,1
Fight Club,1
Shakespeare in Love,1
The Astronaut's Wife,1
Intolerable Cruelty,1
Pi,1
Training Day,1
The Insider,1
The Sopranos,1
Big Daddy,1
American Psycho,1
The General's Daughter,1
The Bone Collector,1
Thirteen Days,1
Any Given Sunday,1
High Fidelity,1
The Legend of Bagger Vance,1
Happiness,1
Double Jeopardy,1
The Messenger: The Story of Joan of Arc,1
The Celebration,1
The Thomas Crown Affair,1
Perfect Blue,1
Will & Grace,1
Charmed,1
Behind Enemy Lines,1
She's All That,1
What Lies Beneath,1
Angel,1
Ghost World,1
Runaway Bride,1
Bringing Out the Dead,1
The Sum of All Fears,1
Along Came a Spider,1
Ghost Dog: The Way of the Samurai,1
Spirit: Stallion of the Cimarron,1
The Straight Story,1
Mulholland Drive,1
The Lord of the Rings: The Return of the King,1
The Lord of the Rings: The Two Towers,1
The Sixth Sense,1
American Beauty,1
Neon Genesis Evangelion: The End of Evangelion,1
Boys Don't Cry,1
"Girl, Interrupted",1
Gladiator,1
The Hurricane,1
Magnolia,1
The Perfect Storm,1
Quills,1
Requiem for a Dream,1
Finding Forrester,1
Traffic,1
Almost Famous,1
Boiler Room,1
A Knight's Tale,1
Wonder Boys,1
Band of Brothers,1
Frequency,1
The Patriot,1
"Crouching Tiger, Hidden Dragon",1
Vertical Limit,1
28 Days,1
Freaks and Geeks,1
Erin Brockovich,1
The West Wing,1
Coyote Ugly,1
Men of Honor,1
Sexy Beast,1
Law & Order: Special Victims Unit,1
Bring It On,1
Deuce Bigalow: Male Gigolo,1
Children of Men,1
What Women Want,1
Memento,1
The Wedding Planner,1
Ginger Snaps,1
Remember the Titans,1
Amélie,1
Awake,1
Meet the Parents,1
Malcolm in the Middle,1
A.I. Artificial Intelligence,1
Hannibal,1
Enemy at the Gates,1
Gangs of New York,1
Unbreakable,1
Original Sin,1
The Family Man,1
The Gift,1
Blow,1
Pay It Forward,1
The Score,1
Proof of Life,1
Collateral Damage,1
Audition,1
The Mexican,1
Brotherhood of the Wolf,1
The Pledge,1
Equilibrium,1
Queen of the Damned,1
Gilmore Girls,1
Serendipity,1
Waking Life,1
The Man Who Wasn't There,1
Wet Hot American Summer,1
40 Days and 40 Nights,1
Star Trek: Enterprise,1
Windtalkers,1
Y tu mamá también,1
Joe Dirt,1
Amores Perros,1
The Count of Monte Cristo,1
Donnie Darko,1
CSI: Crime Scene Investigation,1
Nine Queens,1
The Princess Diaries,1
Six Feet Under,1
Ali,1
Billy Elliot,1
The Experiment,1
Legally Blonde,1
Hart's War,1
How to Lose a Guy in 10 Days,1
John Q,1
The Pianist,1
The Sweetest Thing,1
The Devil's Backbone,1
Shallow Hal,1
Sweet Home Alabama,1
Road to Perdition,1
About Schmidt,1
Panic Room,1
S1m0ne,1
Vanilla Sky,1
Don't Say a Word,1
Session 9,1
Basic,1
Catch Me If You Can,1
Changing Lanes,1
Frailty,1
America's Sweethearts,1
Black Hawk Down,1
The Mothman Prophecies,1
One Hour Photo,1
The Royal Tenenbaums,1
Battle Royale,1
K-19: The Widowmaker,1
Adaptation.,1
A Beautiful Mind,1
The Last Castle,1
K-PAX,1
Bad Education,1
Dogville,1
I Am Sam,1
Not Another Teen Movie,1
We Were Soldiers,1
Insomnia,1
Smallville,1
Mr. Deeds,1
Gosford Park,1
Van Wilder,1
24,1
Alias,1
Scrubs,1
Dreamcatcher,1
Signs,1
The Shield,1
What a Girl Wants,1
Daredevil,1
28 Days Later,1
Red Dragon,1
The Butterfly Effect,1
The Life of David Gale,1
Meet the Fockers,1
Irreversible,1
The Office,1
Before the Devil Knows You're Dead,1
xXx,1
Ichi the Killer,1
8 Mile,1
Chicago,1
Hero,1
Mona Lisa Smile,1
Just Married,1
The Wire,1
25th Hour,1
Bad Santa,1
Finding Neverland,1
Sympathy for Mr. Vengeance,1
Bowling for Columbine,1
Master and Commander: The Far Side of the World,1
Holes,1
Monk,1
CSI: Miami,1
Out of Time,1
Runaway Jury,1
Two Weeks Notice,1
Tears of the Sun,1
Battlestar Galactica,1
21 Grams,1
House of Sand and Fog,1
City of God,1
The Motorcycle Diaries,1
Big Fish,1
Kingdom of Heaven,1
The Last Samurai,1
Matchstick Men,1
Mystic River,1
Secondhand Lions,1
Coraline,1
Man on Fire,1
Thirteen,1
Seabiscuit,1
The Punisher,1
Troy,1
Lost in Translation,1
The Passion of the Christ,1
13 Going on 30,1
Infernal Affairs,1
The Aviator,1
Hostage,1
The Station Agent,1
Monster,1
Along Came Polly,1
The Good Shepherd,1
Alexander,1
Deadwood,1
King Arthur,1
Ladder 49,1
Miracle,1
Ray,1
Memories of Murder,1
The Science of Sleep,1
Lords of Dogtown,1
A Cinderella Story,1
The Forgotten,1
Walk the Line,1
The Secret Life of Walter Mitty,1
Wimbledon,1
King Kong,1
Nip/Tuck,1
Fahrenheit 9/11,1
Inglourious Basterds,1
The Machinist,1
Tell No One,1
The Box,1
Downfall,1
Elephant,1
Secret Window,1
Oldboy,1
NCIS,1
A Tale of Two Sisters,1
Revolver,1
Syriana,1
A Walk Among the Tombstones,1
The Jacket,1
The Squid and the Whale,1
Hannibal Rising,1
The Manchurian Candidate,1
The Room,1
The Village,1
I'm Not There,1
The Princess Diaries 2: Royal Engagement,1
Two and a Half Men,1
Collateral,1
The Sea Inside,1
Monster-in-Law,1
Mysterious Skin,1
Stay,1
The Wedding Date,1
Batman Begins,1
The Chorus,1
Open Water,1
Stargate: Atlantis,1
The Pacific,1
Bewitched,1
Munna Bhai M.B.B.S.,1
Crash,1
Layer Cake,1
Flight of the Phoenix,1
Coffee and Cigarettes,1
Capote,1
The Lovely Bones,1
3:10 to Yuma,1
Dark Water,1
"Synecdoche, New York",1
The Weather Man,1
Green Street Hooligans,1
House of Flying Daggers,1
Motherless Brooklyn,1
Sicko,1
Where the Wild Things Are,1
The Legend of Zorro,1
Hitch,1
Entourage,1
The Black Dahlia,1
Caché,1
Black Book,1
Click,1
Friday Night Lights,1
Primer,1
Brick,1
Coach Carter,1
Hotel Rwanda,1
The Devil's Rejects,1
The Pacifier,1
Perfume: The Story of a Murderer,1
Wedding Crashers,1
Just My Luck,1
The Skeleton Key,1
Eight Below,1
Derailed,1
Assault on Precinct 13,1
Bridge to Terabithia,1
A History of Violence,1
Lord of War,1
The Diving Bell and the Butterfly,1
Breach,1
The New World,1
Casanova,1
Chaos,1
Everything Is Illuminated,1
The Exorcism of Emily Rose,1
Running Scared,1
The Lives of Others,1
Million Dollar Baby,1
The 40-Year-Old Virgin,1
Rang De Basanti,1
The Guardian,1
Battlestar Galactica,1
The Departed,1
Munich,1
Flightplan,1
The Heartbreak Kid,1
Watchmen,1
Cowboys & Aliens,1
Desperate Housewives,1
Lost,1
88 Minutes,1
Broken Flowers,1
The World's Fastest Indian,1
House,1
Veronica Mars,1
Elizabeth: The Golden Age,1
The Spiderwick Chronicles,1
300,1
Adam's Apples,1
Flags of Our Fathers,1
Jarhead,1
Dead Man's Shoes,1
The Kite Runner,1
Stranger Than Fiction,1
Control,1
Gridiron Gang,1
The Proposition,1
Marie Antoinette,1
Hard Candy,1
Just Like Heaven,1
Lucky Number Slevin,1
Run Fatboy Run,1
Alpha Dog,1
August Rush,1
Failure to Launch,1
The Lookout,1
Thank You for Smoking,1
Four Brothers,1
Miami Vice,1
The Kingdom,1
Real Steel,1
"Good Night, and Good Luck.",1
Harsh Times,1
Just Friends,1
V for Vendetta,1
Monster,1
The Queen,1
Doctor Who,1
Weeds,1
Volver,1
Lincoln,1
Vantage Point,1
The Illusionist,1
"10,000 BC",1
The Assassination of Jesse James by the Coward Robert Ford,1
The X Files: I Want to Believe,1
Zodiac,1
Extras,1
Across the Universe,1
Invincible,1
Fearless,1
Hancock,1
Little Miss Sunshine,1
Babel,1
La Vie En Rose,1
16 Blocks,1
Blood Diamond,1
Punisher: War Zone,1
Sympathy for Lady Vengeance,1
Criminal Minds,1
Gone Baby Gone,1
Good Luck Chuck,1
Lady in the Water,1
42,1
Inside Man,1
Life of Pi,1
The Pursuit of Happyness,1
She's the Man,1
Prison Break,1
How to Lose Friends & Alienate People,1
The Last King of Scotland,1
John Tucker Must Die,1
Pan's Labyrinth,1
The Holiday,1
The Devil Wears Prada,1
Bones,1
Supernatural,1
The Fall,1
Inland Empire,1
The Wind That Shakes the Barley,1
Black Snake Moan,1
Step Up,1
"You, Me and Dupree",1
Freedom Writers,1
The Orphanage,1
Michael Clayton,1
My Super Ex-Girlfriend,1
Date Movie,1
The Omen,1
Max Payne,1
The Other Boleyn Girl,1
Juno,1
Half Nelson,1
The Host,1
The Dark Knight,1
There Will Be Blood,1
World Trade Center,1
Ex Machina,1
Apocalypto,1
Charlie Wilson's War,1
Penelope,1
State of Play,1
United 93,1
"Hail, Caesar!",1
Westworld,1
My Father and My Son,1
The Brave One,1
Norbit,1
Premonition,1
Wristcutters: A Love Story,1
Extremely Loud & Incredibly Close,1
No Country for Old Men,1
21,1
In the Valley of Elah,1
The Tree of Life,1
Knocked Up,1
Rocky Balboa,1
This Is England,1
I Am Legend,1
Hall Pass,1
The Prestige,1
Pride and Glory,1
Stardust,1
Disturbia,1
Fracture,1
Carnival Row,1
Reign Over Me,1
Silence,1
The Haunting in Connecticut,1
Letters from Iwo Jima,1
We Own the Night,1
Without Remorse,1
The Man from Earth,1
Friday Night Lights,1
Into the Wild,1
Music and Lyrics,1
Body of Lies,1
We Are Marshall,1
I Now Pronounce You Chuck & Larry,1
Brothers,1
American Gangster,1
Eastern Promises,1
What's Your Number?,1
Dexter,1
Drive,1
Everybody's Fine,1
In Bruges,1
Mr. Brooks,1
The Wolfman,1
The Man Who Knew Infinity,1
Dallas Buyers Club,1
Eureka,1
Transsiberian,1
The Dirt,1
Foundation,1
Mad Men,1
Rendition,1
Jericho,1
Funny Games,1
Persepolis,1
Burn Notice,1
The Danish Girl,1
The Love Guru,1
Heroes,1
Seven Pounds,1
She's Out of My League,1
The Uninvited,1
The Book Thief,1
Interstellar,1
Valentine's Day,1
Ghosts of Girlfriends Past,1
The Soloist,1
Marley & Me,1
Shooter,1
Changeling,1
The Bucket List,1
Dracula Untold,1
The Darjeeling Limited,1
Skins,1
The Town,1
True Blood,1
Paprika,1
Terminator: The Sarah Connor Chronicles,1
Blindness,1
Elite Squad,1
Valhalla Rising,1
Sunshine Cleaning,1
Flight of the Conchords,1
The Duchess,1
Made of Honor,1
Eastbound & Down,1
Frost/Nixon,1
Antichrist,1
Chak De! India,1
Death Note,1
The Blind Side,1
Eat Pray Love,1
Sanctum,1
Snitch,1
The Wedding Ringer,1
Burn After Reading,1
The Hurt Locker,1
Lions for Lambs,1
Letters to Juliet,1
The Big Bang Theory,1
The Road,1
Bride Wars,1
Breaking Bad,1
Californication,1
The Boy in the Striped Pajamas,1
Unthinkable,1
Doubt,1
Pushing Daisies,1
Precious,1
Chuck,1
Silent Hill: Revelation,1
Game of Thrones,1
Source Code,1
Black Swan,1
Lakeview Terrace,1
Green Zone,1
The Happening,1
Robin Hood,1
Pilot,1
High School Musical 3: Senior Year,1
The Young Victoria,1
The International,1
The Fighter,1
Hugo,1
City of Ember,1
The Day the Earth Stood Still,1
Little Fockers,1
A Perfect Getaway,1
17 Again,1
Mary and Max,1
Boardwalk Empire,1
Nick and Norah's Infinite Playlist,1
5 Centimeters per Second,1
Valkyrie,1
Hunger,1
Like Stars on Earth,1
Traitor,1
27 Dresses,1
Hanna,1
Code Geass: Lelouch of the Rebellion,1
Ghost Town,1
Generation Kill,1
The Experiment,1
The Little Things,1
The Queen's Gambit,1
Never Have I Ever,1
Zack and Miri Make a Porno,1
The Iron Lady,1
Gangubai Kathiawadi,1
Milk,1
Child 44,1
Mare of Easttown,1
All Quiet on the Western Front,1
"Red, White & Royal Blue",1
Soorarai Pottru,1
A Serious Man,1
Selma,1
Centurion,1
Never Back Down,1
The Way Back,1
Argo,1
The Father,1
To Catch a Killer,1
Wall Street: Money Never Sleeps,1
Coolie No. 1,1
Death Proof,1
Hachi: A Dog's Tale,1
Another Round,1
The Power of the Dog,1
Outer Banks,1
Shershaah,1
Amsterdam,1
"4 Months, 3 Weeks and 2 Days",1
The Descendants,1
What Happens in Vegas,1
Defiance,1
The Eagle,1
Suspiria,1
CODA,1
The Book of Eli,1
The Bounty Hunter,1
Miracle in Cell No. 7,1
Dune: Prophecy,1
The Shannara Chronicles,1
Ma Rainey's Black Bottom,1
The Invisible Man,1
The Midnight Sky,1
The Hunger Games: The Ballad of Songbirds & Snakes,1
Dara of Jasenovac,1
Midnight Mass,1
Invictus,1
Master,1
The Invention of Lying,1
Mank,1
Minari,1
The Wave,1
Babylon,1
Boyhood,1
Halloween Kills,1
Halloween Ends,1
Yes Man,1
Departures,1
The Harder They Fall,1
Stillwater,1
K.G.F: Chapter 2,1
The Trial of the Chicago 7,1
Don't Worry Darling,1
Love Hard,1
Jonah Hex,1
My Sister's Keeper,1
Alice in Borderland,1
The Kashmir Files,1
Ginny & Georgia,1
The Chestnut Man,1
Crash Landing on You,1
Missing,1
Blended,1
Clickbait,1
Lone Survivor,1
Squid Game,1
Confessions of a Shopaholic,1
Titane,1
Bad Lieutenant: Port of Call New Orleans,1
Old,1
The Haunting of Bly Manor,1
Ted Lasso,1
Foxcatcher,1
Pig,1
Ripley,1
Killers,1
Yellowjackets,1
Troll,1
Tandav,1
The Northman,1
Creed III,1
IF,1
Pieces of a Woman,1
Felon,1
Fringe,1
House of the Dragon,1
The Smashing Machine,1
House of Gucci,1
The Unforgivable,1
The Ides of March,1
Free State of Jones,1
Sons of Anarchy,1
The Wrestler,1
Big Eyes,1
Severance,1
Don't Look Up,1
Rebel Ridge,1
Shutter Island,1
Vikings: Valhalla,1
Pirate Radio,1
Warehouse 13,1
The Girl with the Dragon Tattoo,1
Maid,1
Takers,1
Sex Drive,1
Death Wish,1
Michael,1
The Ghost Writer,1
Let the Right One In,1
Frankenweenie,1
The Ugly Truth,1
The Social Dilemma,1
The White Ribbon,1
The Perfect Couple,1
Public Enemies,1
"I Love You, Man",1
The Karate Kid,1
Farha,1
A Complete Unknown,1
Glass Onion,1
Dune: Part One,1
The Rite,1
Riders of Justice,1
Only Murders in the Building,1
Mayor of Kingstown,1
Demolition,1
Whip It,1
Bronson,1
The Terminal List,1
An Education,1
Texas Chainsaw Massacre,1
All Good Things,1
Whatever Works,1
A Nightmare on Elm Street,1
10 Cloverfield Lane,1
The Banshees of Inisherin,1
Hacks,1
Moon,1
Rab Ne Bana Di Jodi,1
When in Rome,1
The Creator,1
Agora,1
3 Idiots,1
The Skin I Live In,1
The Lincoln Lawyer,1
The Chaser,1
Enter the Void,1
Asur: Welcome to Your Dark Side,1
Diary of a Wimpy Kid,1
The Mentalist,1
Singham Again,1
Law Abiding Citizen,1
Merlin,1
Watcher,1
Panchayat,1
Funny People,1
Gran Torino,1
Jack Ryan: Shadow Recruit,1
Out of the Furnace,1
Brooklyn's Finest,1
Moneyball,1
The Lone Ranger,1
The Lost City of Z,1
Lawless,1
First Man,1
The Girl Who Played with Fire,1
Leap Year,1
Mother,1
Castle,1
Ip Man,1
Thirteen Lives,1
Edge of Darkness,1
The Debt,1
Beautiful Boy,1
Let Me In,1
Due Date,1
That's My Boy,1
Fish Tank,1
Lie to Me,1
Dorian Gray,1
A Prophet,1
Broken City,1
Scam 1992: The Harshad Mehta Story,1
Paranormal,1
Death Note,1
Cell 211,1
We Need to Talk About Kevin,1
The Tourist,1
Decision to Leave,1
Spencer,1
300: Rise of an Empire,1
Immortals,1
Incendies,1
Den of Thieves,1
The Twilight Saga: New Moon,1
Fallout,1
The Devil's Double,1
Leave the World Behind,1
Tetris,1
Looper,1
Belfast,1
Date Night,1
Aashram,1
A Wednesday,1
Sweet Tooth,1
Bad Teacher,1
The Social Network,1
My Octopus Teacher,1
Harry Brown,1
The Life of Chuck,1
Solace,1
Adipurush,1
Warrior,1
3 Body Problem,1
The Irishman,1
Seeking a Friend for the End of the World,1
V,1
Lioness,1
Frankenstein,1
Animal Kingdom,1
Rise of the Planet of the Apes,1
Mufasa: The Lion King,1
Monster,1
Death at a Funeral,1
Oldboy,1
Gangster Squad,1
August: Osage County,1
Going the Distance,1
The Twilight Saga: Breaking Dawn - Part 1,1
The Twilight Saga: Eclipse,1
Reptile,1
The Butler,1
Glee,1
The Woman in the House Across the Street from the Girl in the Window,1
47 Ronin,1
Archive 81,1
Fresh,1
The White Lotus,1
Tinker Tailor Soldier Spy,1
Four Lions,1
The Girl Who Kicked the Hornet's Nest,1
A Quiet Place: Day One,1
The Dark Knight Rises,1
Beau Is Afraid,1
Chloe,1
If I Stay,1
The Infiltrator,1
Black Mass,1
White Collar,1
About Elly,1
Baby Reindeer,1
Beasts of No Nation,1
May December,1
Women Talking,1
Cloud Atlas,1
This Is Where I Leave You,1
Animal,1
Dogtooth,1
The Whale,1
The Lincoln Lawyer,1
Men,1
The Adjustment Bureau,1
Ip Man 2,1
Downsizing,1
We Bought a Zoo,1
The Night Agent,1
Prisoners,1
Salaar,1
Dumb Money,1
Straight Outta Compton,1
1883,1
The Night Manager,1
Winter's Bone,1
True Grit,1
Drive My Car,1
The Vampire Diaries,1
Dasvi,1
No Strings Attached,1
The Outfit,1
Havoc,1
12 Strong,1
You Again,1
Dexter: New Blood,1
All of Us Are Dead,1
Landman,1
The Fabelmans,1
Speak No Evil,1
Poker Face,1
Faster,1
Disconnect,1
13 Assassins,1
Wake Up Dead Man,1
Fright Night,1
Aspirants,1
Beef,1
The American,1
Flashforward,1
Martha Marcy May Marlene,1
Under the Skin,1
The Good Wife,1
Tár,1
The Bear,1
The Help,1
Gravity,1
Goon,1
The Next Three Days,1
Dream House,1
Falling Skies,1
Buried,1
Dhindora,1
Silo,1
Luther,1
Sherlock,1
You People,1
The Holdovers,1
The Watcher,1
The Raven,1
What If,1
Guillermo del Toro's Pinocchio,1
Justified,1
Hamnet,1
The Iceman,1
Louie,1
The Idol,1
I'm Still Here,1
Halloween,1
The King's Speech,1
Haywire,1
Jai Bhim,1
The Host,1
The Walking Dead,1
Dune: Part Two,1
Emily the Criminal,1
Melancholia,1
The Man from Nowhere,1
No Other Choice,1
Kantara,1
Elysium,1
Jawan,1
Oppenheimer,1
127 Hours,1
The Penguin,1
Misfits,1
The Last Stand,1
Under the Dome,1
Elite Squad 2: The Enemy Within,1
The Fall of the House of Usher,1
Peaky Blinders: The Immortal Man,1
The Master,1
Zindagi Na Milegi Dobara,1
Just Go with It,1
Leo,1
No Hard Feelings,1
Teen Wolf,1
Get the Gringo,1
Shrinking,1
The Girl with the Dragon Tattoo,1
War Horse,1
The Secret World of Arrietty,1
Texas Chainsaw,1
The Dilemma,1
The Borgias,1
House at the End of the Street,1
Shameless,1
Maleficent,1
"Jeff, Who Lives at Home",1
This Means War,1
The Big Short,1
The Woman in Black,1
Contagion,1
New Year's Eve,1
Abduction,1
The Drop,1
The Grey,1
Only God Forgives,1
Amour,1
Frank,1
Midnight in Paris,1
Savages,1
Margin Call,1
Murder Mystery,1
Jackie,1
Young Adult,1
Society of the Snow,1
F1: The Movie,1
Suits,1
Friends with Benefits,1
Tulsa King,1
Our Idiot Brother,1
The Killing,1
"Love, Rosie",1
Terra Nova,1
Air,1
Suzume,1
The Art of Getting By,1
The Dark Tower,1
The Impossible,1
Pushpa: The Rule - Part 2,1
Blonde,1
My Week with Marilyn,1
Wanderlust,1
Colombiana,1
The Perks of Being a Wallflower,1
Cinderella,1
Grudge Match,1
The Revenant,1
The DUFF,1
Mirror Mirror,1
The Twilight Saga: Breaking Dawn - Part 2,1
Entourage,1
Take Shelter,1
The Intouchables,1
Stoker,1
Detachment,1
The Fall Guy,1
Vampire Academy,1
The Awakening,1
Before I Fall,1
Carnage,1
Hell on Wheels,1
Anatomy of a Fall,1
Chronicle,1
Triple 9,1
Only Lovers Left Alive,1
Shame,1
Girls,1
Before I Go to Sleep,1
Killer Joe,1
The Way Way Back,1
Bohemian Rhapsody,1
Saltburn,1
Snow White and the Huntsman,1
The Man in the High Castle,1
Troll Hunter,1
Sabotage,1
Top Gun: Maverick,1
Moonrise Kingdom,1
Red Lights,1
The Diplomat,1
The Sandman,1
The Substance,1
A Dog's Purpose,1
The Snowman,1
Arbitrage,1
Killing Them Softly,1
Presumed Innocent,1
Stonehearst Asylum,1
No Escape,1
Conquest 1453,1
Zero Dark Thirty,1
Inherent Vice,1
Homeland,1
From Up on Poppy Hill,1
Southpaw,1
American Hustle,1
That Awkward Moment,1
Gold,1
Unbroken,1
The Place Beyond the Pines,1
Nebraska,1
Chappie,1
New Girl,1
Leyla and Mecnun,1
A Separation,1
1923,1
Bodies,1
13 Reasons Why,1
Scandal,1
Revenge,1
Winter's Tale,1
Honest Thief,1
Ruby Sparks,1
Person of Interest,1
Divergent,1
Once Upon a Time,1
American Horror Story,1
The Loft,1
Django Unchained,1
You're Next,1
End of Watch,1
House of Cards,1
Blade Runner 2049,1
To Rome with Love,1
The Highwaymen,1
Deepwater Horizon,1
Safety Not Guaranteed,1
Song of the Sea,1
Good Omens,1
The Newsroom,1
The Judge,1
The Batman,1
Daredevil: Born Again,1
Pearl,1
Redemption,1
Spotlight,1
Fly Me to the Moon,1
American Gods,1
Flight,1
Steins; Gate,1
The Call,1
God Bless America,1
Magic Mike,1
Pompeii,1
Dark Matter,1
The Best Offer,1
Trance,1
Seven Psychopaths,1
Mud,1
Miss Peregrine's Home for Peculiar Children,1
The Body,1
Nymphomaniac: Vol. I,1
Carrie,1
Ford v Ferrari,1
Sex Tape,1
Noah,1
Love Lies Bleeding,1
Automata,1
A Most Wanted Man,1
King Arthur: Legend of the Sword,1
Victor Frankenstein,1
Indian Police Force,1
Aftersun,1
Rush,1
Begin Again,1
Pitch Perfect,1
Wicked: For Good,1
Hijack,1
The Upside,1
Robot & Frank,1
The Frozen Ground,1
The Wind Rises,1
All Is Lost,1
Banshee,1
Conclave,1
Hit Man,1
Identity Thief,1
12 Years a Slave,1
The Finest Hours,1
The Gambler,1
Inside Llewyn Davis,1
Europa Report,1
Side Effects,1
Eye in the Sky,1
Rocketman,1
Revolution,1
The Following,1
Chaos Walking,1
Steve Jobs,1
The Imitation Game,1
Black Mirror,1
Da Vinci's Demons,1
Spring Breakers,1
Tammy,1
Into the Storm,1
The Iron Claw,1
The Hunt,1
Chennai Express,1
Hacksaw Ridge,1
Force Majeure,1
Beasts of the Southern Wild,1
The Bling Ring,1
Long Shot,1
Saving Mr. Banks,1
The Accountant,1
Two Night Stand,1
The Bikeriders,1
The Americans,1
Lost Ladies,1
Bad Words,1
St. Vincent,1
3 Days to Kill,1
The Monuments Men,1
The Kings of Summer,1
American Sniper,1
Deep Water,1
Into the Woods,1
A Real Pain,1
BlackBerry,1
Bates Motel,1
Marco Polo,1
Dream Scenario,1
About Time,1
Taaza Khabar,1
The Other Woman,1
Transcendence,1
Pluribus,1
Draft Day,1
The Mountain Between Us,1
Wild Card,1
Calvary,1
Orphan Black,1
The Great,1
Kinds of Kindness,1
Money Monster,1
Hannibal,1
Ray Donovan,1
Broadchurch,1
Altered Carbon,1
Chicago Fire,1
Gone Girl,1
Magic Mike XXL,1
A Haunting in Venice,1
True Story,1
The Grand Budapest Hotel,1
OMG: Oh My God!,1
The Fall,1
Line of Duty,1
Defending Jacob,1
Wild,1
Vikings,1
Enemy,1
The Babadook,1
Mary Queen of Scots,1
Godzilla Minus One,1
Fruitvale Station,1
White House Down,1
American Fiction,1
Bhaag Milkha Bhaag,1
True Detective,1
Jobs,1
Jessica Jones,1
The Great Beauty,1
Blue Ruin,1
Live by Night,1
The Intern,1
The Studio,1
Need for Speed,1
Short Term 12,1
Orange Is the New Black,1
Black Sails,1
Special 26,1
Coco,1
Focus,1
The Huntsman: Winter's War,1
Nymphomaniac: Vol. II,1
12th Fail,1
Zero Day,1
Delivery Man,1
Mowgli: Legend of the Jungle,1
Mudbound,1
Predestination,1
The Invitation,1
The Night Of,1
Anomalisa,1
The Last Ship,1
Shadow and Bone,1
Woman in Gold,1
The Magnificent Seven,1
The Day of the Jackal,1
American Primeval,1
The Kerala Story,1
Philomena,1
Sense8,1
Project Almanac,1
Peaky Blinders,1
Joy,1
Isn't It Romantic,1
The Fundamentals of Caring,1
"Extremely Wicked, Shockingly Evil and Vile",1
Bone Tomahawk,1
Eternity,1
Burnt,1
Lupin,1
Blockers,1
Arrival,1
Wonder,1
Blackfish,1
Crimson Peak,1
Get Hard,1
Birdman or (The Unexpected Virtue of Ignorance),1
The Tale of The Princess Kaguya,1
Me and Earl and the Dying Girl,1
Hell or High Water,1
Whiplash,1
Jojo Rabbit,1
Anyone But You,1
'71,1
Wayward Pines,1
Penny Dreadful,1
Baahubali: The Beginning,1
The Originals,1
Masters of the Air,1
Sharp Objects,1
Midnight Special,1
The Strain,1
Maharaja,1
The 100,1
The Order,1
Fences,1
Locke,1
The Leftovers,1
Narcos,1
The Terror,1
Fury,1
Ida,1
Everest,1
Juror #2,1
The Blacklist,1
Paradise,1
A Knight of the Seven Kingdoms,1
Perfect Days,1
Queen Cleopatra,1
Speak No Evil,1
The Housemaid,1
Winter Sleep,1
T2 Trainspotting,1
Veronica Mars,1
Sentimental Value,1
Shōgun,1
American Crime Story,1
Annihilation,1
Black Doves,1
Dept. Q,1
Task,1
Leviathan,1
Fargo,1
Do Patti,1
Sandeep Bhaiya,1
Mike and Dave Need Wedding Dates,1
Nightcrawler,1
Red Sparrow,1
Chef,1
Macbeth,1
Ballers,1
The Signal,1
The Dressmaker,1
Ad Astra,1
A Most Violent Year,1
The Knick,1
Nuremberg,1
Train Dreams,1
The Hundred-Foot Journey,1
Outlander,1
The Water Diviner,1
Locke & Key,1
Wild Tales,1
One Battle After Another,1
Sapne Vs Everyone,1
Better Call Saul,1
Who Am I,1
Creed,1
Until Dawn,1
Mercy,1
The Flash,1
Eddington,1
Together,1
Circle,1
Sinners,1
Warfare,1
MobLand,1
Luther: The Fallen Sun,1
Mr. Holmes,1
Pride,1
Room,1
Untamed,1
Adolescence,1
The Pitt,1
The Beast in Me,1
Extinction,1
Trumbo,1
The Cobbler,1
How to Get Away with Murder,1
Those Who Wish Me Dead,1
A Beautiful Day in the Neighborhood,1
Dexter: Original Sin,1
The Last Man on Earth,1
The Expanse,1
A House of Dynamite,1
Crime 101,1
Loving Vincent,1
Sully,1
The Rip,1
Reminiscence,1
Power,1
Marty Supreme,1
His & Hers,1
Dexter: Resurrection,1
Youth,1
Logan,1
Still Alice,1
Daredevil,1
Luke Cage,1
Concussion,1
Queen,1
Parasyte: The Maxim,1
Road House,1
Haider,1
Sicario,1
BoJack Horseman,1
Murder on the Orient Express,1
A Monster Calls,1
Finch,1
Happy Valley,1
The Hateful Eight,1
Forever,1
The Walk,1
Constantine,1
iZombie,1
Bosch,1
Richard Jewell,1
Scorpion,1
Bloodline,1
The Disaster Artist,1
Nerve,1
Sing Street,1
Whiskey Tango Foxtrot,1
Captain Fantastic,1
Jane the Virgin,1
Legend,1
The Last of Us,1
Grace and Frankie,1
Mommy,1
Paper Towns,1
The Girl on the Train,1
Blood Father,1
Taboo,1
The Martian,1
The Dig,1
Bridge of Spies,1
Elvis,1
Unfriended,1
Irrational Man,1
Elle,1
Tokyo Ghoul,1
Lion,1
Fear the Walking Dead,1
Gerald's Game,1
Gotham,1
Jungle,1
Ferrari,1
Snowden,1
La La Land,1
The Kissing Booth,1
Only the Brave,1
Bajrangi Bhaijaan,1
Baby Driver,1
Leave No Trace,1
Big Little Lies,1
Popstar: Never Stop Never Stopping,1
The House That Jack Built,1
Colonia,1
Supergirl,1
Manchester by the Sea,1
Swiss Army Man,1
The Shallows,1
Lucifer,1
Twin Peaks,1
Florence Foster Jenkins,1
Shadowhunters,1
Mr. Robot,1
M.S. Dhoni: The Untold Story,1
13 Hours,1
The Gift,1
The Last Kingdom,1
Anthropoid,1
Molly's Game,1
Widows,1
Yellowstone,1
The Last Duel,1
Alpha,1
The Magicians,1
The Witch,1
Billions,1
The Good Nurse,1
The Founder,1
The Circle,1
Atlanta,1
Black Bird,1
Fractured,1
Ouija: Origin of Evil,1
The Peanut Butter Falcon,1
Airlift,1
Limitless,1
Quantico,1
Drishyam,1
Blindspot,1
Gifted,1
Gran Turismo,1
Legends of Tomorrow,1
Robin Hood,1
Miss Sloane,1
The Girl with All the Gifts,1
Nocturnal Animals,1
Darkest Hour,1
Mulan,1
Patriots Day,1
Stranger Things,1
Christopher Robin,1
Luckiest Girl Alive,1
The Alienist,1
Battle of the Sexes,1
Roofman,1
Shot Caller,1
Master of None,1
The OA,1
Colossal,1
The Death of Stalin,1
Goliath,1
It Comes at Night,1
Hunt for the Wilderpeople,1
A Cure for Wellness,1
TVF Pitchers,1
The Mauritanian,1
The Promise,1
Maleficent: Mistress of Evil,1
The Crown,1
A Series of Unfortunate Events,1
Good Time,1
Hidden Figures,1
Baahubali 2: The Conclusion,1
The Invisible Guest,1
The Covenant,1
Perfect Strangers,1
Just Mercy,1
Lady Bird,1
Raw,1
The Good Place,1
The Sisters Brothers,1
Moonlight,1
The Square,1
Ambulance,1
Dunkirk,1
"Three Billboards Outside Ebbing, Missouri",1
Sicario: Day of the Soldado,1
Jack Ryan,1
Ozark,1
Dangal,1
The Favourite,1
Mother!,1
Togo,1
"I, Daniel Blake",1
Star Trek: Discovery,1
The Witcher,1
The Salesman,1
The Wailing,1
Lost in Space,1
How It Ends,1
Erased,1
Mindhunter,1
All the Money in the World,1
Designated Survivor,1
Set It Up,1
Your Name.,1
A Silent Voice: The Movie,1
Wind River,1
Sound of Metal,1
Detroit,1
Riverdale,1
Anne with an E,1
Official Secrets,1
Hotel Mumbai,1
Hostiles,1
Samaritan,1
Hustlers,1
Godless,1
Maestro,1
The Meyerowitz Stories,1
Killers of the Flower Moon,1
To the Bone,1
Animal Kingdom,1
"I, Tonya",1
Maniac,1
The Beguiled,1
Doctor Sleep,1
His Dark Materials,1
Tully,1
Fool Me Once,1
Mid90s,1
Manhunt,1
The Chosen,1
The Old Man,1
The Florida Project,1
Travelers,1
Brawl in Cell Block 99,1
The Punisher,1
Fleabag,1
Sorry to Bother You,1
Cats,1
I Don't Feel at Home in This World Anymore,1
The Killing of a Sacred Deer,1
Uncut Gems,1
You Were Never Really Here,1
Dark,1
When We First Met,1
The Marvelous Mrs. Maisel,1
The Mountain II,1
The Handmaid's Tale,1
Hotel Artemis,1
The Laundromat,1
Slow Horses,1
The Spy,1
The Sinner,1
Greyhound,1
First Reformed,1
Sacred Games,1
The Lion King,1
The Woman in the Window,1
John Wick: Chapter 3 - Parabellum,1
Roma,1
Snowpiercer,1
1922,1
Apostle,1
Code 8,1
A Ghost Story,1
Vice,1
I Am Mother,1
The Post,1
Atypical,1
Creed II,1
Bombshell,1
Blood Red Sky,1
Sanju,1
Money Heist,1
The Good Doctor,1
Good Girls,1
Dragged Across Concrete,1
Fighting with My Family,1
Big Mouth,1
Castle Rock,1
Fear Street: Part One - 1994,1
The White Tiger,1
The Boy and the Heron,1
Kingdom,1
Bad Times at the El Royale,1
A Quiet Place,1
Outlaw King,1
Revenge,1
The Guilty,1
Parasite,1
The Haunting of Hill House,1
Hillbilly Elegy,1
I Feel Pretty,1
Arctic,1
Glass,1
News of the World,1
Mirage,1
Midway,1
Green Book,1
Eighth Grade,1
Killing Eve,1
Watchmen,1
Ratsasan,1
The Accountant 2,1
The Woman in Cabin 10,1
Once Upon a Time... in Hollywood,1
Elite,1
When They See Us,1
A Rainy Day in New York,1
The Zone of Interest,1
The Morning Show,1
Cobra Kai,1
9-1-1,1
Burning,1
Joker,1
Triangle of Sadness,1
The Lodge,1
It: Chapter Two,1
Chernobyl,1
Always Be My Maybe,1
The Devil All the Time,1
Instant Family,1
A Man Called Otto,1
Ratched,1
Your Honor,1
Hunters,1
The Wheel of Time,1
Bodyguard,1
The Call of the Wild,1
Russian Doll,1
Judy,1
The Flight Attendant,1
Chilling Adventures of Sabrina,1
The Rookie,1
Sound of Freedom,1
The Lord of the Rings: The Rings of Power,1
The Heroes,1
Death on the Nile,1
Succession,1
Searching,1
Woman of the Hour,1
Nightmare Alley,1
Brightburn,1
For All Mankind,1
Hereditary,1
Marighella,1
K.G.F: Chapter 1,1
Enola Holmes,1
Sadak 2,1
Nobody,1
Safe,1
Unbelievable,1
Persona,1
I'm Thinking of Ending Things,1
See,1
The Mule,1
The Lighthouse,1
The King,1
Hustle,1
Dead to Me,1
Shoplifters,1
Little Fires Everywhere,1
The Woman King,1
The Many Saints of Newark,1
Devs,1
The Undoing,1
RRR,1
Fate: The Winx Saga,1
The Report,1
Tumbbad,1
Capernaum,1
Uri: The Surgical Strike,1
The Peripheral,1
Pain and Glory,1
A Quiet Place Part II,1
Climax,1
The Apprentice,1
The Courier,1
After Life,1
The Two Popes,1
Guillermo del Toro's Cabinet of Curiosities,1
Manifest,1
Shamshera,1
Hamilton,1
Dolemite Is My Name,1
The Way Back,1
The Outsider,1
1917,1
Last Christmas,1
Run,1
The Righteous Gemstones,1
The Farewell,1
Child's Play,1
Resident Alien,1
Narcos: Mexico,1
"tick, tick... BOOM!",1
The Residence,1
Inventing Anna,1
Nine Perfect Strangers,1
Midsommar,1
Euphoria,1
Ava,1
Star Trek: Picard,1
Knives Out,1
The Brutalist,1
Warrior Nun,1
Dark Waters,1
The Lost Daughter,1
Dracula,1
WandaVision,1
Raised by Wolves,1
Dopesick,1
The Falcon and the Winter Soldier,1
Gladiator II,1
The Green Knight,1
El Camino,1
Andor,1
Rocketry: The Nambi Effect,1
Reacher,1
1899,1
Pushpa: The Rise - Part 1,1
The Guilty,1
Weathering with You,1
Kota Factory,1
I Am Not Okay with This,1
The Idea of You,1
Black Mirror: Bandersnatch,1
Sooryavanshi,1
King Richard,1
Promising Young Woman,1
Last Night in Soho,1
Paatal Lok,1
The King of Staten Island,1
Behind Her Eyes,1
The Stranger,1
Fear Street: Part Two - 1978,1
Invasion,1
Nomadland,1
Da 5 Bloods,1
The Tomorrow War,1
Spiderhead,1
Judas and the Black Messiah,1
From,1
Unorthodox,1
Holidate,1
I Care a Lot,1
